date,block_number,tick_current,p10_tick,p90_tick,ref_tl,ref_tu,range_fg0,range_fg1,ref_fg0,ref_fg1,actual_pcr,num_in_range
2022-03-10,14355748,197205,191140,206240,195610,199820,852535117839830203442730753362232,261107356962617956157093685013264009733160,462183458777547721667222546798154,171869477401514411243636043701144209250173,0.5421283523764241,14267
2022-03-17,14400649,197031,191100,206260,193980,198260,930021078386772710452153318149117,297499735223599647556239126391941828674307,1288787012916469002272153760434254,440903361043407515910071811418490737237187,1.385761078826317,14092
2022-03-24,14445661,196130,190380,204990,193400,197230,1302475130329356322013460624507522,445448859129813866145646459279815293069421,926215868318181938435240465806495,279917574754935250068672179864799822187792,0.711119810851183,13770
2022-03-31,14490620,195049,189530,204620,193580,197300,1316541443378848847448579191253036,449616397921191309526036007353932763805599,340856242064211995753606571576958,119650878367807965578315782392205927651382,0.258902781814007,12844
2022-04-07,14535425,195693,190190,204620,194260,198040,577971557676217478159376535019178,177560079927780977097931539269201673830530,108755365862914010316914604202843,6450154699699864069835169451810173400648,0.1881673317977341,13453
2022-04-14,14580220,195873,190190,204650,195720,199470,593830642326287722031174637450473,182650713782265538783383718809267209773730,8269589732100740477661994427866,2751829531902838261699112248189372460177,0.013925838686439679,13653
2022-04-21,14625067,195995,190370,204700,194260,198040,1358891380356236835596674995484461,463040068111289431969106634695026751458726,135619279706855686280711012121273,15183856018329854178971183839343893194650,0.09980141287768178,13761
2022-04-28,14669558,196637,190760,205940,192640,196840,593167692979923985523296308888412,185204650289033008057503497439388336942846,334082201268094478168875111717850,119554649068339188013533285973000430239666,0.5632171226146021,13778
2022-05-05,14713964,196457,190760,205590,195680,199740,609474522902677561093341529267623,190954396749893672911165113634130861372827,12632985337426932029987976372727,115792089237316195423570985008687907848972954830651898577631690357169673987122,0.02072766762630404,13978
2022-05-12,14757896,199938,191980,207240,195770,200310,732166159620853444288619679560187,233402089262140813165968319306664653380531,30226345128866610131433647953833,115792089237316195423570985008687907852394332842277201391814855966910603937607,0.04128345011809763,14593
2022-05-19,14801796,200763,193370,207240,199360,203190,1043818064922414953918778615187726,376850607241049925115642465172494336079629,198686858190500159144999373664113,101145648204463050537488628975666452077415,0.19034625368863314,16307
2022-05-26,14844802,200616,193130,207240,197340,201390,897234301133391949224454928157950,307568232550523846018765140242976099571260,256314785341101962489566477442624,111991065176548200291971437074988510412848,0.2856720758639338,15845
2022-06-02,14887796,201275,193380,207240,198910,202540,1367341901942799447119064073460027,508796775420869232198406259615301148845372,131527556128798872532629451769341,66560278595289873222299522771066921201532,0.09619214911933643,16478
2022-06-09,14929561,201410,193500,207290,199510,203190,1563541551993601119276115342660400,559949702462747086548539940473250119377809,1563541551993601119276115342660400,559949702462747086548539940473250119377809,1.0,16166
2022-06-16,14970303,205118,193380,210830,202730,207760,1469597145185480854459939750904173,587818037701642723465426478386009171166476,78432987009793983729499065406781,65200557281725832786164771570812967921907,0.053370399681808574,9645
2022-06-23,15010211,206743,191150,214170,199840,207240,1707645763728343264223082450899842,685250251256002138514211762510557997486391,291615558080001284925335044734075,194296054531625384268580863104670568473956,0.17077052177572835,6328
2022-06-30,15047598,206301,191700,214170,200310,207240,178244775155497869518143008774326,151236597658395048831861148776839172653468,320661611943062422512179997006502,219167484200189323371345348288981422685273,1.798995856475021,6831
2022-07-07,15092101,205544,193380,212350,203190,208520,1571962430502722749829424744327281,682010803378481046861515762959460798866035,176409199408313381984961070955295,156359925067306560126065040779051227517812,0.112222274518289,8541
2022-07-14,15137389,206173,192660,214170,200820,207240,1297413321481453309461172619985006,556808726432852082864671915520562168251100,281119796426449273915114022214052,212565556242277106051819397150978316108332,0.21667713115929182,7405
2022-07-21,15182614,203039,193510,208810,199820,203880,856132106735885921903501952454347,438893323027428946598704762004879129001478,257683461649777508556557395534470,139964619811448087232951803206632748206897,0.300985630164285,13515
2022-07-28,15227621,202314,194280,207760,199820,203190,18980760339432300090302901110751,9795750897438812167629410978983359758503,266820750904226376403894335104076,145138613972412858063340549039997835852149,14.057432164606679,16097
2022-08-04,15272548,202435,194180,207860,200450,203880,1858119332185270903674389376954917,796802826984692861804818376722736912841522,168692809661160601306414935735804,100249245152794686489594820522147473392406,0.09078685461109041,15873
2022-08-11,15317426,201067,193380,207240,199030,202680,1680877909941047459333488020456779,748476607294613045058411004956877007002037,515166951018827883016149616827924,350790828754883581547773843541822630406146,0.30648683522582315,16619
2022-08-18,15361719,201178,193380,207240,197690,201310,1700614507852973142315136333280038,758817020569256463768425785863085336667397,724461725295522138925238853455924,426227887858724442333185849344235081409137,0.42599996762943976,16601
2022-08-25,15405908,202194,194150,207760,199880,203340,1116657858138469699981731864208001,550822934318829906266773609851880816791400,513315825527277641289398549491941,354433797230721572201376989794372465295288,0.45968944004299,15996
2022-09-01,15449618,202830,193910,208300,199430,203100,1937118600798548738146389069505901,842879219372527557897703622713073975224068,627032978410330511846299263780246,414770493962796880644732128594869441520779,0.3236936438232772,14661
2022-09-08,15493290,202348,194280,207760,201370,204750,1947924690044143646119297555376888,847446044215131956101158309417142626047176,116174000973415768630062779832548,72191187741768762113657633466474638897358,0.05963988318808313,16068
2022-09-15,15535777,202343,194280,207760,201370,204750,1966134179724676595235076839570284,858328464730250261215899304517520788611415,134313411614876312352115488281912,83035029878016195138697616970514069087723,0.06831345134017486,16068
2022-09-22,15585173,205039,193380,210810,203340,208310,1814273636101550193359518806240637,839245341940842602947004081798213609177265,1994295348552391678266401416271799,881396938242355958489251582002813615651920,1.099225226486599,9748
2022-09-29,15635279,204337,193380,210190,200600,205420,1833276400426937918701752121132308,853633138839823083360572630982674380940830,408755686318600447640157456704060,261119974040744396794449227506155597229898,0.22296457109435786,10562
2022-10-06,15685344,204222,193380,210190,199420,204420,1843286887900920464778345193028789,861151959939046678824198537846980446633076,626411500530675942048486292938796,423761003575705096284723166146252044420551,0.33983396976474695,10437
2022-10-13,15735471,204662,193400,210810,202300,207050,2029673633162830555186521008332876,908218368635923021854677268637772928012995,85349236961804736428590217883539,60917495877915093682773593290188179205730,0.042050719666099926,10232
2022-10-20,15785590,204733,193380,210810,201180,205990,1859058642237940258601928725444316,873406719371270332817521777561503511091479,498341841963141653568174468506846,369240560667227501590643399682978679754466,0.2680613890496947,10160
2022-10-27,15835687,202752,194080,208300,200310,203880,2049411423365398872913475757161172,921948988082936401081153072162133784198771,390293100204839047540341001462642,227496177892150859892033608369844103071238,0.19044155592922735,14908
2022-11-03,15885773,203061,193410,208870,201270,205420,2065757284208741678043786226277850,932943961335287886934570247396561223293673,373697204164989472951545652735966,251424399561040311786842582807399900136490,0.1809008284863092,13343
2022-11-10,15935900,206292,191780,214170,200310,207240,2099167609615148881266707813167872,959261567508922006864397214373730448405463,687500131230214738390484678114195,472469487116468888593993313527335006180427,0.3275108324276486,6852
2022-11-17,15986020,205292,193380,211100,201170,206170,1956311167556433872420151900073565,946869838693156384185919922375376394651574,2136332880007275357327034510104727,989021434994669739728167422579976401126229,1.0920210012784934,9590
2022-11-24,16036116,205553,193380,212350,203530,208870,1973369176653039048049497249532774,961809760067257826721377601163169862560665,352509372458011892384048237212904,297421580042430265620663871151824295865306,0.17863326164640436,8523
2022-12-01,16086234,204658,193410,210810,202300,207050,19213004421841537178284791439625,16086304857207409425172444107797236507919,217650690810158312893776856633037,163807742747609921285327360269433163357733,11.328300667163269,10246
2022-12-08,16136270,205160,193380,210920,201500,206520,1989354880890103780071358721486463,974668837643834561845958146786427342345696,579083472240268739968282509551110,442505723386536401876216888611653869735700,0.29109108576000653,9622
2022-12-15,16186378,204561,193390,210350,201080,205850,2176116936970750184983426731781043,1021889497384103054494412407823366739100707,627007290967839705036553429539826,465446311088603567234347344155453042722235,0.2881312489762895,10526
2022-12-22,16236514,205303,193380,211230,201170,206170,2003352642700258511585551493311079,985948286918892047440723901747877192949040,2183374355151099996492434103342241,1028099883220405402982971401952477199423695,1.0898602216173963,9563
2022-12-29,16286697,205508,193380,212350,201940,207240,2006363440408969005119697905597600,988485299260672588993863909878766952396851,548347956778890204024627412912856,421328833342737198028701038812503682321075,0.27330440025717234,8600
2023-01-05,16336871,204963,193380,210810,204620,209470,2008543654654695521958588149164774,990130710812861161098892509519073437382779,307209028403204783447872340479153,265891736223742616554083757528667377744679,0.15295113337032223,9975
2023-01-12,16387000,203952,193380,210220,200310,205420,2012175307188796742600773890896652,992664260603416291233154976354367032748689,613648341011448454256055348731534,399046512285709406416458456007805321642953,0.3049676331973154,10325
2023-01-19,16437130,203113,193380,208870,201960,206220,2025316172889568605446275643450832,1001159037011980496496937761643355098878407,262832405723477321405557543987130,196994866405247683530097480887727967445130,0.1297735184469928,13186
2023-01-26,16487270,202452,194160,207930,199340,202790,1889708327768016026770540832124417,969583950992583689655122426875689036671875,909620336849862975025488260463219,622415999617179668735143912228164304704005,0.48135488608670063,15813
2023-02-02,16537407,202285,194230,207760,201590,205000,1220534338674339744829892141205092,712823257725780841050133724485447542144321,115792089237316195423570985008687907853269984606102055749805634581719715267559,115792089237316195423570985008687907799285568366151241821455558450354232094178,9.486999715475565e+43,16060
2023-02-09,16587477,202235,194220,207750,201590,205000,1234766253233217968420747701779569,724316536590628060721157452070722488829986,115792089237316195423570985008687907853269984614472794501948530184097307153243,115792089237316195423570985008687907804333948985115867500123721178077154052803,9.377652566557941e+43,16072
2023-02-16,16637575,202079,193890,207760,200310,203880,1950518457650803274432908011307353,990524273449686237921082491056801887396826,467207632526678009999233830785987,276269034924962997014344818783766441224570,0.23952997250248073,15766
2023-02-23,16687396,202274,194230,207760,201590,205000,1249062732077029645011683985800236,730346536797367473364560469753348463094927,115792089237316195423570985008687907853269984634630449152495534763511559862703,115792089237316195423570985008687907816808847437737874135882303718255153044784,9.27031815646032e+43,16068
2023-03-02,16737190,202143,193970,207760,199360,202860,1286636260750487790846525120441399,742874246495974288811016866805020649910346,486486924051995324829478834192588,270795418957615808275503246156651682726023,0.37810758090109337,15869
2023-03-09,16786949,202977,193630,208550,199860,203870,1823577997702238945927890249836312,946916327270143831826215661976373925340166,482625611769170896090150071758067,284541749241980807877061448565141411080303,0.2646586065291932,13771
2023-03-16,16836711,202203,194160,207760,201650,205090,1975820805135145306074324003982655,1020624813886868925151524810018817641187572,644610744529399494941191123121892,472223340609792777134247141475500110804082,0.3262495985739498,16004
2023-03-23,16886553,201712,193580,207450,198650,202380,1347591412534839767385698879136684,785911282319766367685382988845698025041944,2129578342203626017037558219492297,970488740653357829413380474754719918607032,1.58028488634983,15743
2023-03-30,16936361,201403,193490,207290,199510,203190,2316780671606977738257352207672945,1105048349833420718728496095746166657608036,115792089237316195423570985008687907853269984422442817172815495096972386326748,115792089237316195423570985008687907622853727811866783027284232677649592151094,4.997973725195138e+43,16165
2023-04-06,16985957,200769,193370,207240,199360,203190,1861429768076506244729231622060036,955864071199924017848973612218118690998606,602027934730990738516979832088078,342108264898947701439936383856899636613846,0.3234223203344876,16307
2023-04-13,17035258,200723,193330,207240,198030,201910,817037686561763629115560595107480,578923915127043279927512307988175659352945,115792089237316195423570985008687907853269984446870968905998323561944519733580,115792089237316195423570985008687907682467838350447058113808851696123892011030,1.4172184605656247e+44,16167
2023-04-20,17084048,200641,193170,207240,197340,201390,115792089237316195423570985008687907853269984651674488517682986712880396739142,115792089237316195423570985008687907837608630449997191889520030617430635270272,347585410282143001491627838568494,160888965638111581410396785048678630319863,3.001806190488245e-45,15891
2023-04-27,17133820,201004,193380,207240,199430,203100,2161573542806533614195420886426094,1075008050188696010497585348714737964779028,1034518881677284849907731976363534,696401262332925362941809124314230895579663,0.4785952738550321,16635
2023-05-04,17183607,200801,193370,207240,199210,202950,1888220297899274535808772671645790,969761362365438240974611821618188275792450,115792089237316195423570985008687907853269984553490164163478839990076906605958,115792089237316195423570985008687907755955856119760274030767306502465471158689,6.132340032894458e+43,16483
2023-05-11,17233414,201133,193380,207240,198910,202540,2175450686060162005911920461220088,1082384445537471339049323515665708974991746,391272644270041717954730903710308,215904597668678199015604432155585879714856,0.17985819985589005,16641
2023-05-18,17282745,201240,193380,207240,197690,201310,2180603453412180941564764272967102,1085273947616934869044585023214155362679557,770463686670135991739225799343761,450442243376111570122630860616582649048532,0.35332590410444603,16507
2023-05-25,17332462,201360,193460,207260,199030,202680,1180676666390672015920021229861197,738506793005541198775900568087440344430632,2379536403610874151586503287599297,1145855447040857665894211961826451964602242,2.015400550673298,16287
2023-06-01,17382266,200959,193380,207240,197700,201390,2186967069145736653111960371338130,1088677210068679608582318753982172111852594,254346677556019904469688956416985,128166172294804100738810094077027154923626,0.11630110080046686,16645
2023-06-08,17431904,201184,193380,207240,199130,202740,2190881523666343229612081131003281,1090829379950464156880902073257978292344873,942211986637736783117204952426330,648146560471461161531299667777416812224985,0.43006067487437055,16604
2023-06-15,17481593,202231,194220,207750,201590,205000,1393844282282730135657824194493886,817018111685963247207956750477614345285005,36961430528896615949813008509280,5754758386519681047366828330975043154115,0.026517618215116577,16072
2023-06-22,17531464,200874,193380,207240,197660,201360,2202658445471345455789893102965364,1097532305482508375328107702712233942535681,1611283414614995433304079216348245,583689369987490776260511733294647771443000,0.7315175977137017,16634
2023-06-29,17581254,201207,193380,207240,199130,202740,2207469831329572999986389643527101,1100153373167541822070795390663541388077620,958800294300966553491513464950150,657470553688538826721192985182979907957732,0.43434355509333283,16589
2023-07-06,17631108,200763,193370,207240,199360,203190,1932374923124465469450587818322621,993895491061258134705272806036431377446314,672973089778949963238336028350663,380139684760281818296235577675212323061554,0.3482621730004739,16307
2023-07-13,17680898,200970,193380,207240,199430,203100,2214965267347044947218598076725716,1104062203223226906947133088763499877961685,1087910606217796182930909166663156,725455415367456259391356864362992808762320,0.49116373166466465,16665
2023-07-20,17730667,200879,193380,207240,197660,201360,2219201545869809094584859559888856,1106229424241752589470252936905905696148268,1627826515013459072099045673271737,592386488746734990402656967488319525055587,0.7335190073398392,16634
2023-07-27,17780692,200979,193380,207240,199430,203100,2221702002423699827791039398015521,1107582079445015054186455671651837790512859,1094647341294451063503350487952961,728975291589244406630679447251330721313494,0.4927066456708767,16665
2023-08-03,17830756,201151,193380,207240,198910,202540,2223877504624138605017642199815182,1108788308765581966078847029948210758413403,439699462834018317060452642305402,242308460896788826045127946438087663136513,0.19771748305369574,16610
2023-08-10,17880777,201067,193380,207240,199030,202680,2225799692826214431797252453924445,1110122000262918877475975308032039688092561,2421957095444933476014576130165834,1169151211210979563923268741379492931689556,1.088128955741587,16619
2023-08-17,17930828,201333,193380,207240,198920,202560,2226824552359813857117705543077563,1110732517014551780929141511046376519446377,1051341787683154470087132248715873,702106380445247290867470897411654637459533,0.4721260085663349,16382
2023-08-24,17980850,202063,193890,207760,200310,203880,2138239766552036107095472499060980,1098429844097913328153258137713903012233162,647392683675781944955426174335506,380255119523863465897316831894586900665822,0.3027689849392889,15737
2023-08-31,18030842,201904,193630,207490,199510,203190,1992232592942326629555387101502060,1042970854285345822542362270481379791975858,115792089237316195423570985008687907853269984525228077912288205194155316775020,115792089237316195423570985008687907679072833675996130065709939704061874379011,5.812177235104007e+43,15760
2023-09-07,18080835,202340,194280,207760,201370,204750,2431088807180672233356986824395491,1171976024989022191070403734953774104198669,494553823477022506923699361109769,334895587409845427881041702077693770840597,0.20342894180429194,16068
2023-09-14,18130809,202498,194160,207960,199340,202790,2114492159382702290821618860320636,1100609692140112452321851436372005106987318,1107978960494246851264972629088383,735810951920649319031036611217098340217444,0.5239929387194826,15763
2023-09-21,18180542,202400,194230,207780,199820,203240,1445568812119143983360306703795047,846720448015242020703646722340436653037532,1099735450966964607906024476122763,737938895412388519949416889000692548267699,0.7607631278062771,15934
2023-09-28,18230531,202557,194160,208300,199360,202860,2118413897708896785041721251669635,1102496263374090979411831563150174429018750,656772774002581136588305253287904,367367275436732614791648919181487612987145,0.31003043112249823,15334
2023-10-05,18280593,202257,194230,207760,201590,205000,1446167068927314444513050206862117,844207926705352775460776499635230441120099,68444464783390190664880023179826,24889302269044854553859137066921658209773,0.0473281865242295,16057
2023-10-12,18330625,202759,194080,208300,200310,203880,2452934690334510841609832534718841,1187796840519988719387124224946603536779557,670299491225889982993954990093026,394463240290705081201770786890375717731901,0.273264304128081,14908
2023-10-19,18380672,202770,194050,208300,202260,205850,2456534354797869807668895058237180,1190090770036577174349136683146134405454949,2795361136811895199261525374925,115792089237316195423570985008687907850783735471794405225849315719873271891199,0.0011379287781391133,14856
2023-10-26,18430677,201440,193520,207320,200010,203700,2466316887849724803582927821610663,1196075877971265670789981125249209893246963,2344408859602479323158869791670412,1096904499440224648236776634848436192107828,0.9505708172182482,16077
2023-11-02,18480694,201107,193380,207240,198920,202560,2275813165361237018524382514208871,1140112439985365908248670800578362587926583,1089631176077813282379501085553188,724676310914337765940278569252713803572390,0.4787876231065117,16640
2023-11-09,18530676,200878,193380,207240,197660,201360,2281514232210692365328288268028488,1143131343819463737060493340540268926253352,1645287651534700882183691909755644,602126229311509889124417378521768694906119,0.7211384563402375,16634
2023-11-16,18580727,200017,192000,207240,199360,203880,2472743025176172972161609370281647,1190613738588219926335748090595862094277713,802304009683040831254137524959185,459526125403679352070431853496680699029010,0.3244591134276397,14611
2023-11-23,18630716,199991,192000,207240,199360,203880,2480944381431447930583222592094100,1194716458345740224625650281142091529144837,810505365938315789675750746771638,463628845161199650360334044042910133896134,0.326692275733595,14612
2023-11-30,18680706,200169,192200,207240,198220,202670,2446054656953853560772856873499868,1187745908599929199008896473303220933956967,2176891806411756150726017574818559,974914299966172150129998704450370591932765,0.8899604104197353,14881
2023-12-07,18730702,199210,191160,207240,195210,200010,1670331992201177935246605073374559,907862454063997199612592861991352982136992,1311265867988766898179365122408539,810939828641651587533548775199540411000756,0.7850330797177449,13866
2023-12-14,18780676,199085,191150,207240,197380,202170,2504819799280794072298516599352531,1205397868876633772419508378772188064950842,1262688851485830241409371242905871,733124335272473014241197676177632287888541,0.5041036691934424,13887
2023-12-21,18830534,199355,191200,207240,197370,202190,1853796728845837892672495416564893,960464358680158412801020650641028158717070,752509149705471814255151176105690,477966933817253752840378204508538947037713,0.4059286209734436,13825
2023-12-28,18880407,198576,191150,207240,197220,201810,2522084306360044248817988461117049,1212983801943774057516188249352556092762049,1416744994791932806856110411638687,855513317577565871990640911877819847647980,0.5617357798941408,14369
2024-01-04,18930253,199311,191160,207240,194500,199320,1709549389615122888693560143961742,925101507648210805587644044124142413365488,1392013927858227894403506854742270,468970828159093846604729240873054916999377,0.8142578016839964,13812
2024-01-11,18979978,197751,191150,206290,194230,198430,2491483152924039484224407385990680,1170704705250763812987023412204607367616103,414785735668478700100801426313181,146967637150403852884418032830000522382965,0.16648145309819992,14811
2024-01-18,19030033,197972,191150,206290,194700,198960,2507647279821533662725691690277246,1177019216689429380883049016889865843610623,374122094079394069892022288086346,125447391938477303852695726762226508198000,0.1491924710025486,14735
2024-01-25,19079929,199208,191160,207240,195210,200010,1750914158669808165303003501286718,942124907450396464274512002398798975679688,1391848034457397128235763550320698,845202282028050852195467915606986404543452,0.7949264831548347,13877
2024-02-01,19129889,198991,191150,207240,196270,201030,2582542404313679931699433031886343,1238378855469142115832455210496324665726837,1373450772287797160379773285970378,817250335192703415129928467324633190028394,0.5318211890707741,13971
2024-02-08,19179747,198382,191150,207220,198050,202540,2603733761542216737805651902444934,1257327669058681703749132031769831005793745,671813706468092770304455479823314,349974758029474167448183218994813148073469,0.2580193552777727,14537
2024-02-15,19229625,197028,191100,206260,193980,198260,2611503910679573193399501280989481,1257567235553647928319091497226923157709862,2377777484540547689534900497999983,1139732329199285665214759558318375156161954,0.9105012153406256,14089
2024-02-22,19279458,196356,190760,205440,196260,200310,405600184237242619164920560117389,211232753723175586763832137423552248901747,818265629050751718705122460034363,330769401037934107412492507723378886758891,2.0174192735872474,14072
2024-02-29,19329465,195051,189560,204620,193580,197300,2342265312375216317712710541769335,1006187647661393597762915547646035804692094,1675081562175527052069756174658377,943048686112164254139189700934743415413898,0.7151544930991958,12840
2024-03-07,19379574,193839,188220,205420,193540,197950,2499056364415925553431356562481932,1115776421934440794808533241250901461169729,1489631528469437658699075272601284,506466786106542446358705966673401030062468,0.5960776034027514,10206
2024-03-14,19429556,193364,186800,205420,193130,197690,2527207108847831358140188333174857,1122849543766355749017422242123163253762464,115792089237316195423570985008687907853269983180372438799445578550800930947032,115792089237316195423570985008687906938924478275948985473142637501396014921767,4.5818203356552955e+43,8638
2024-03-21,19479341,194671,189320,204640,191350,195250,2646088566644314034840565780557469,1206577748730236726609835348413122373559310,2766341780218930647747657209562254,1305127908716205382384496718524567476818049,1.0454456495109374,11842
2024-03-28,19528924,194716,189320,204650,191450,195300,2669972025779495562023900916264737,1214381633894790660260361119565478559937668,115792089237316195423570985008687907853269982529639325901609163983568428882319,115792089237316195423570985008687906714772477119671467068394378014412699808739,4.336827806407852e+43,12320
2024-04-04,19578683,195265,189920,204620,194850,198490,2493579512630199944824940768443634,1048750730915332889499274806653346532561374,919008079209247312657848300854535,320803905928986067832338206175411813467346,0.36854973926212914,13136
2024-04-11,19628669,194587,189320,204710,194560,198530,2704421122166917973506574117071700,1227845727026204301416440156039285480124372,105397374532336080880405882907662,29473999813439781871915230873189921126909,0.038972249428331045,11660
2024-04-18,19678626,196307,190760,205420,196260,200310,115792089237316195423570985008687907853269984644888112993533719219897307224509,115792089237316195423570985008687907735523358040204546966318776027328422507286,837557301770147828844503270338129,337340105110100090811811895049093511401711,7.2332860326371e-45,14120
2024-04-25,19728665,195804,190190,204620,192660,196420,1807055367228639949550358535637748,793618434585836903506563347345707991267871,2867478201083409619398215294688117,1336458097956039224237289901735841976779797,1.5868236541534801,13567
2024-05-02,19778726,196357,190760,205440,196260,200310,194463251103204687671216656606663,58612910209345225032416704359542484376035,847955950718270108398614056111988,340900802829644245017179493081085315986057,4.360494571122061,14072
2024-05-09,19828771,196344,190760,205440,196260,200310,205326716567524656905344785436851,62176283060881473696063117700808546257383,851383217519587779306676945796418,342054855154160558480797131993170540515683,4.146480456865427,14075
2024-05-16,19878821,196139,190380,204990,193400,197230,273523151750427702758215574727979,48652300353915643953789921312683108361089,1310074403171167475706253771870140,398178914474941535512920082058699114437175,4.789628939222395,13770
2024-05-23,19928862,194055,188520,205400,190310,194590,2445666590754097368964906990810354,1160884762239169665826410612551671321778801,452167829094578945336558293131467,114225711124074517754525289653527710705540,0.18488531135192776,10592
2024-05-30,19978947,193987,188520,205400,190540,194800,2460561051473626436308587960634414,1164789562770691616651974798350161044414928,528685807782206194796752677823826,135621989898539998313585439576301800085313,0.21486392604059837,10564
2024-06-06,20029070,193719,187960,205420,193210,197690,2760233126400874589968906366696666,1193347561136882011105582827449125305742995,115792089237316195423570985008687907853269983333206277130506962612291705173716,115792089237316195423570985008687906987543393992639243964208589647386112346221,4.195011215893199e+43,10014
2024-06-13,20079185,194545,189300,204990,191150,195160,2878541865220684978741795942034875,1300137856919342474306477321016812183046939,2951030374342062951132364748634670,1361471130367547735043234593778349280990611,1.0251823709765018,11560
2024-06-20,20129225,194547,189300,204990,191150,195160,2888750742336852854137680406529180,1303064186423667353289475494151348145049480,2961239251458230826528249213128975,1364397459871872614026232766912885242993152,1.0250933761985774,11560
2024-06-27,20179300,195091,189630,204620,194490,198200,2661283046835099150126743296417084,1100155470852131888667322411672912946504116,115792089237316195423570985008687907853269983452173036814762159556191317860271,115792089237316195423570985008687907036037567197689883751886275291521569809499,4.350987369608078e+43,12905
2024-07-04,20229427,195322,190000,204620,194360,198060,2666750031553002144599841656550064,1101805076378148803129702984344895436950527,2540113844207586394763882630488952,1259462582671795379113734046216251424448173,0.9525129142787829,13208
2024-07-11,20279540,195923,190320,204620,194560,198300,2692404065894538376196011207858570,1110481310421113215042763189009825374125531,115792089237316195423570985008687907853269984518129521745846661384032040077716,115792089237316195423570985008687907701432610195721894379108797576090152155267,4.300695081547681e+43,13774
2024-07-18,20329690,195036,189530,204620,193580,197300,2703908051166577631536323781169311,1113861774955766826210742280203963438969634,2016195870685930676522751037644820,1045573966637230282934985479978517617432753,0.7456599235377328,12843
2024-07-25,20379839,195192,189720,204620,191740,195400,2712276118772813214837612401754897,1116305338966775179606003201167362688121347,2896232737521486023525422018022630,1342053407145874326170447599980423973974072,1.06782370625005,13033
2024-08-01,20429973,195513,190100,204620,194500,198250,2723375534393942110390646824725038,1119772880191415953081441736425604313259505,12708279468611321994153271928015,3971330182459190001818953373605678407866,0.004666370578760235,13226
2024-08-08,20480142,198730,191150,207240,195660,200310,3099619977257291563709615307321230,1404343901142751735202195115963713022988117,115792089237316195423570985008687907853269983732890310264561374924344904349162,115792089237316195423570985008687907177305849149841968930272948927929178456492,3.7356866353589313e+43,14207
2024-08-15,20530310,197448,191150,206250,194230,198430,3133941650771629599012895284198959,1425340659787251913502831242616357817631286,847399940527187552229508579618099,287954673252677719875599318952055227528429,0.2703942941370792,14541
2024-08-22,20580430,197569,191150,206230,193910,198060,3148929970364329026023662393141898,1433745472850527466133815097763409037604475,3148929970364329026023662393141898,1433745472850527466133815097763409037604475,1.0,14713
2024-08-29,20630527,197968,191150,206290,197300,201570,3087684242460370010536837729613608,1368009017376004725067255423704845937334307,115792089237316195423570985008687907853269984001020581016327315919001134366118,115792089237316195423570985008687907331419228516278638090659102234413102226336,3.750127284551907e+43,14721
2024-09-05,20680663,198284,191150,207130,197180,201640,3170156055805139116214616639985643,1442186336844450624260655832434331804566702,115792089237316195423570985008687907853269984254461194614054525593469440435046,115792089237316195423570985008687907538724353959997231513068870819509146281374,3.652567482451836e+43,14620
2024-09-12,20730812,198739,191150,207240,195660,200310,3166761187540060575618580412729173,1430903888001413508339135735685378229757211,115792089237316195423570985008687907853269983800031520547330386833310009757105,115792089237316195423570985008687907203865836008503742067213568649594385225586,3.6564831504475865e+43,14207
2024-09-19,20780917,198593,191150,207240,197330,201930,3175045561959093025012442638960184,1434418964837505976620639064514768837549671,633779476665088202491178223804708,305289465547125653588160087237711435775843,0.19961271871450822,14355
2024-09-26,20831061,197765,191150,206290,195610,199820,3126466732463635396234052921438916,1384094171066207808694505334299227671256725,1035924320857721768223005898062586,391119235512111438938467392090730865801948,0.33134026666626964,14806
2024-10-03,20881262,198637,191150,207240,197230,201850,3193694963987843699496545178600042,1441718305958053123107536063082826544050857,1716210102548200668906670781359155,992533779417278549805090733951467418781085,0.5373744587069879,14312
2024-10-10,20931483,198619,191150,207240,197230,201850,3202412718618407223869377316286600,1445347352074939351018197519669631054196087,1724927857178764193279502919045713,996162825534164777715752190538271928926315,0.5386338391520431,14326
2024-10-17,20981561,197646,191150,206190,193910,198060,3141718445837933568971489738729109,1383834835583703505257508124497347715999692,3227491085499671279147941107489328,1465621971796055943867949073555320584067580,1.0273011860039105,14769
2024-10-24,21031734,197986,191150,206290,197690,201940,3160758975974759096351691999351720,1397768100228865350443353185725255068927215,946461390273590483126516401716024,447838629158522997023310089446861550403605,0.2994411777258997,14736
2024-10-31,21081895,197469,191150,206230,193890,198080,3241738130152196880625810860711759,1471111860620176678403420495357360818998157,1314569038243251971142573764550727,432092789779466319351859581339241932912857,0.4055136428251637,14588
2024-11-07,21132051,197219,191140,206240,195610,199820,2829868342662722024927839622835919,1300706926955192350960491456702492096358749,1089586642859149457920767868492676,412292403978710171633502519678326853425669,0.3850308604229692,14272
2024-11-14,21182213,195636,190190,204640,194010,197810,2406804791312456229571018130448684,1108864674114798129958545890113063926494060,1905638114442968037394343776615403,1014979474722092466056142971195525127182155,0.7917709493189945,13387
2024-11-21,21232386,196022,190370,204710,194260,198040,243688583649102867423405132403502,38917456422317702066402998450608214349468,687191981154529162832653834119029,197337849991682707671685329655385375488149,2.8199596832326166,13766
2024-11-28,21282523,194270,188780,205350,192170,196400,3272547874687815148340300654244952,1454360386446125639012398740140910251635202,3078250632769989778269768104245948,1399982915291543999800296278987711914636588,0.9406281437712015,10857
2024-12-05,21332579,193777,188070,205420,193540,197980,3153406376234147516776350536030294,1334467606837209089769350508067693179226034,115792089237316195423570985008687907853269984438957943739115880885317842538707,115792089237316195423570985008687907754193918688500418899067314615157477828653,3.671968513477705e+43,10115
2024-12-12,21382703,193804,188190,205420,193050,197470,3174486107470426155375015033523528,1340015753198453712533774931189966718273260,115792089237316195423570985008687907853269984540181444014145068621789431765017,115792089237316195423570985008687907794144611355342180233961517628229982827790,3.6475853198672386e+43,10170
2024-12-19,21432853,194363,188990,205180,190570,194710,561416813891404136326887425199606,185710484808069092028413498540953734948422,581606110756634051310405713861426,149372814715823901499765328992729310025871,1.035961332766808,11037
2024-12-26,21482925,194734,189320,204650,193400,197230,3285557095004824955708988830249337,1422057496816643660453781409015724471413258,115792089237316195423570985008687907853269983160741520242753486738022250677071,115792089237316195423570985008687906920843519938691460876708247940520387349104,3.524275667385599e+43,12347
2025-01-02,21533059,195142,189660,204620,194360,198060,2344356819840913560892462752199221,977151890464959552617562580071589591111562,2931622159559126060288351716265672,1399719533628421727052430059535445560549747,1.250501687604903,12957
2025-01-09,21583204,195220,189850,204620,191740,195400,3125020885419520693732875760162066,1261031708536616519976225916834850430337416,3037028868913382300179915081016772,1381877101870058266322608917316864800430445,0.9718427429023964,13090
2025-01-16,21633326,194857,189320,204620,194260,198040,3145492723670432528886048075474297,1267411856329112091395013523558613991461579,801915623342080569416986441062145,231180806015250737720472704191399371206454,0.25494117894710505,12518
2025-01-23,21683472,195486,190090,204620,194690,198420,3178533301239336971021914684053158,1277483860846521934291802270075127875804786,2888179406142166293321458292798234,1387900280416168776224297902536271952734852,0.9086516114259494,13243
2025-01-30,21733627,195887,190190,204640,195720,199470,2636079766624747024820532070854982,1176362670913777882854823137926061358020039,431563754171148445313577858628785,160591385894348710493661405625170569706854,0.16371422429440566,13670
2025-02-06,21783740,196993,191100,206260,195980,200250,3563296196995948278602590698469916,1568536970731789776364275281983484322177149,115792089237316195423570985008687907853269984042560378288833132573023881959006,115792089237316195423570985008687907313206811788733549943657558701978778345330,3.2495779984536565e+43,14079
2025-02-13,21833846,197169,191140,206240,195610,199820,3166422098495070447908732700477968,1406199072789160070364100364516604957106930,1222448192840038252090450698304393,458825171173760069978815487075329227844855,0.38606608810020643,14253
2025-02-20,21883856,197253,191140,206240,195610,199820,3178954026401437096098789132010543,1410860346550534700953212771042827578211204,1234980120746404900280507129836968,463486444935134700567927893601551848949129,0.38848631043098075,14307
2025-02-27,21933949,198765,191150,207240,195660,200310,3621059390883754934521991097743219,1583039500303728204338943070467848176726075,115792089237316195423570985008687907853269984043895993401894409971991559446078,115792089237316195423570985008687907294941537874445473153348784692234539326723,3.197740681327406e+43,14185
2025-03-06,21984129,199174,191150,207240,195210,200010,3659986425382317114698613303218130,1600615864105852655246538409515725331524450,2127270789123765884880263312417180,1113258906298630447736217576436578490862175,0.5812236827904502,13897
2025-03-13,22034225,200781,193370,207240,198860,202640,3218237528535961048088140795174034,1461719192623780067076476248399043626129760,1021952566354824684186762368631370,618810143733564177805825463119692389798533,0.31755038504560934,16406
2025-03-20,22084357,200025,192020,207240,199360,203880,3697521371211825895495772383519476,1619734266643001599173488326020217220565602,878029467967064951760233206953833,496794925708748812833661494461628931164338,0.23746433889557195,14621
2025-03-27,22134527,200265,192200,207240,196730,201080,3664068973552239475269976844292673,1613527689579618498665638555664547076201871,115792089237316195423570985008687907853269984242744021389612412522057985273473,115792089237316195423570985008687907414424513515652608718748949521068923764914,3.160204954467823e+43,15119
2025-04-03,22184670,201396,193490,207290,200010,203700,3730469989085706322055781855482405,1645640162275604797093653598966541152328912,3730469989085706322055781855482405,1645640162275604797093653598966541152328912,1.0,16164
2025-04-10,22234794,202121,193900,207760,199830,203350,1014476671247421524375052489456219,368718371868390167335552065204032740807133,1190923858053458975872041900859686,792292742241272878161309914278801155250789,1.1739292699447432,15833
2025-04-17,22284997,202682,194150,208300,200240,203780,945302702072172491089586031643776,359530085421599128404341121903508743939639,1160247870411615727897633441972220,775952433741234945642364688197027944951082,1.2273823695502697,15049
2025-04-24,22335154,201389,193480,207290,199510,203190,1070468648933189606061721083539122,398569494213359189477648114660495522240359,115792089237316195423570985008687907853269984354755814918045700517720032768154,115792089237316195423570985008687907565866565382493855104650535793394826401213,1.0816952869447655e+44,16201
2025-05-01,22385294,201402,193490,207290,199510,203190,3816575247582443790565945423451647,1699617780665238790904511874503873630124359,115792089237316195423570985008687907853269984363912890428624203830973586349184,115792089237316195423570985008687907570983023522823853328514473953680484092470,3.033926536904076e+43,16165
2025-05-08,22435130,201300,193380,207240,198910,202540,3616164696384698727279102090186785,1641568337535133076233539748592725582009187,720820175065522104527567391049444,385244361867979957446636423343897446052274,0.1993327836495307,16425
2025-05-15,22484824,197644,191150,206190,193910,198060,3769304047629473557395940868735481,1634031042437817369268705888278776490749920,3855076687291211267572392237495700,1715818178650169807879146837336749358817808,1.0227555640452195,14769
2025-05-22,22534698,197871,191150,206290,197690,201940,3802864830613958789630349469103784,1653866077099064394522712312655319781125448,1169780506379927082828622674164068,550041349536665357702045591252717165480482,0.3076050710408948,14719
2025-05-29,22584693,197377,191150,206260,195610,199820,3886835384579782147038157917487870,1725750896287538476837148511117082600137928,1379755045451227997750767200811542,523415678015381212566650053108779449286893,0.3549816004364686,14486
2025-06-05,22634704,197651,191150,206230,193910,198060,3903983317975210610790117229189702,1734939900284698062176546784838472069794090,42401088150722606351449715848327,16488027508454311955690441077923906919773,0.010860980874455634,14756
2025-06-12,22684758,197039,191100,206260,193980,198260,3912353122044255787390215757231266,1735472943772780061049402948709148630356465,391577620044022490332288032619034,92529364202045657356134101263209910241731,0.10008749410621147,14092
2025-06-19,22734807,197980,191150,206290,197690,201940,3858913538157515534403068965282479,1675438347625895059022907763355216774074688,1199372453012049985337478720091431,561768698935040270497492736879446291965855,0.3108057335704662,14736
2025-06-26,22784895,198407,191150,207230,194900,199400,3949419472026441044441036892463646,1753296482642516242963958231630834262672792,1907451448035125876989136697401143,693310203734415008067554116989208771642039,0.4829700824502228,14508
2025-07-03,22834980,197797,191150,206290,196600,200820,3884889951897959839372498012548857,1686338303670401624520087403879795582756697,1257987111457550119321146176215480,527487764263197758985865647208200304078671,0.32381537882249706,14773
2025-07-10,22885057,197059,191130,206250,196610,200850,478987795409352341176306709540111,212295104323827144148711998910551829012397,115792089237316195423570985008687907853269984368296979183377963285267792185189,115792089237316195423570985008687907573774022282573492083010752371093413481418,2.4174329773550498e+44,14125
2025-07-17,22935193,195078,189580,204620,194490,198200,3675423979799293529173383894479480,1498385430798449177523090637107665657315259,2228876560984227905028844985329433,715319819500241686710083088365148518121556,0.6064270607240098,12887
2025-07-24,22985303,194354,188980,205180,192520,196680,3997116920165609490147074078251455,1762732089622397115669952512739065675604222,3564692469000407519547951944148908,1567954309259519673554903472802138034206228,0.8918159113676151,11012
2025-07-31,23035373,193869,188270,205420,193050,197430,3840232475976932582252325902735134,1609955205075322643972481010992174758841398,115792089237316195423570985008687907853269983311776802686012950818053093699738,115792089237316195423570985008687907004860673212240751102188878939691266380237,3.015236446274242e+43,10247
2025-08-07,23085466,194201,188730,205320,192640,196840,4041048398311117017848295089916222,1780834843301258682115084896652712516185144,2189300035034805364951725667936376,715711648475774591280442626140540702649041,0.5417653586999314,10824
2025-08-14,23135571,191659,184220,207240,189960,196870,4056083751711983047867940197315314,1770764995545127615991899971530025753866459,3637639169889387891483265294111465,1586762302465909064647167318851568156167008,0.8968353201173475,5825
2025-08-21,23185736,192576,185390,206290,191170,196280,4030215974702665071342617912965864,1724581273005540829842952309201718665239210,2056413162444269376398944716990997,659497804969490801178159448017083037181997,0.5102488738450262,7277
2025-08-28,23235896,192188,184310,207240,191770,197040,4120417797495988014819537303521282,1785230437366469485444852962236177800615837,1420807635895552720257401056779314,507015141775498789524201203033127418692745,0.34482125496084143,6648
2025-09-04,23286026,192312,185270,206680,191380,196590,831249783725025011150472360340442,309325869299436370239567794736326082572515,115792089237316195423570985008687907853269984066956799837849388182691494240321,115792089237316195423570985008687907574505718487080540048957325041542276629729,1.3929879021252158e+44,7058
2025-09-11,23336104,192542,185390,206290,191170,196280,4091900544636363127636737877259892,1738333791559182085314515255848210178953911,115792089237316195423570985008687907853269982639502185379486963014193385678416,115792089237316195423570985008687906722636492004158717504306870781355515114459,2.829787478317275e+43,7282
2025-09-18,23386241,191995,184220,207240,189730,195260,4159004077726926564104708463073048,1793838790211861434753216657131037434250665,3290927662716861773881776575560032,1447504352938130730669865422405215696815991,0.7912778158456374,6430
2025-09-25,23436335,193001,186440,205670,192540,197470,142760415158940003762105769962305,32105314644696019793344314371233762476502,2311217822566221110230484601764637,1121670367138223094341726916367101244799432,16.18948656035403,7863
2025-10-02,23486384,192544,185390,206290,191170,196280,4133280907521519481138096106290588,1748100017885856197304552569529837655399167,115792089237316195423570985008687907853269982680882548264643316515551614709112,115792089237316195423570985008687906732402718330832829494344184462982991559715,2.8014570465463417e+43,7282
2025-10-09,23536461,192140,184230,207240,191010,196340,315124489616112700041812249950842,75272643949457892742070297738435799674230,115792089237316195423570985008687907853269984022057098682832410040881347748817,115792089237316195423570985008687907562375477634684383325897550144112227236000,3.6744871646876794e+44,6586
2025-10-16,23586524,193413,187780,205420,192330,197010,3783509624552273429047422348034754,1551402588452680176718430612473957265135674,115792089237316195423570985008687907853269984110105830328413063820739076100255,115792089237316195423570985008687907591347131451384331051128192168249033791507,3.060441249730364e+43,9471
2025-10-23,23636491,193874,188270,205420,191910,196250,4113244270542486696418213337565068,1675237677990794642185284982956815667494683,115792089237316195423570985008687907853269982288118509988072096397375001907394,115792089237316195423570985008687906556551422459025203480634484647490710646365,2.815103641341598e+43,10277
2025-10-30,23686488,193627,187780,205420,189470,194040,3824347981349110582485679949885883,1561828386053232570130646691287872288786004,4309145380620636915843513653403402,1844242301074166592873688386301206012174042,1.1267660269504305,9757
2025-11-06,23736528,194930,189350,204620,193350,197120,4035676812149983334072422822939297,1587531648456889576543789620309049448052323,1444480810336942850577969226802685,522574753245457787619011248833662088429611,0.35792777211201016,12603
2025-11-13,23786577,194967,189390,204620,194500,198250,4056170350799932716966956951124915,1593508435901779254435240561014443542636988,115792089237316195423570985008687907853269984423074019101524190665658900095068,115792089237316195423570985008687907720867342220817477610853452526143319535813,2.8547146501004426e+43,12655
2025-11-20,23836545,196180,190450,205000,193400,197230,4330279304770565773668460126397969,1809647639025124004317246230881694193446438,115792089237316195423570985008687907853269983561514439931779103251323974263921,115792089237316195423570985008687907041291628111419158442664808563943588219024,2.674009713640199e+43,13801
2025-11-27,23886342,196166,190380,205010,193400,197230,48599021803126515969059948746160,115792089237316195423570985008687907712976755698868945866651720461353966373591,115792089237316195423570985008687907853269983596201038386888394356619954838060,115792089237316195423570985008687907053464647789316033073679123625319915927767,2.3826012323126008e+45,13778
2025-12-04,23936304,195645,190190,204640,194010,197810,3596415022996008051307998595985589,1521041443504270328195580023786899126030820,2470913415325461957075199794749144,1196739037572218128469401459303426115971525,0.6870490195169571,13394
2025-12-11,23985731,195229,189850,204620,191740,195400,4182784303432379267943438859974308,1635962566136178193437809298640099493848879,3458548415026421682268618304264230,1489107048277615533641352367309064791554464,0.8268531590759648,13090
2025-12-18,24035771,196832,190820,206140,193980,198260,4511082636001951277575579564321392,1909598892468337734042962294792959147799723,692076680205496273738057458338117,189069158434710747315910684697238938129959,0.15341698125460737,13795
2025-12-25,24085923,196435,190760,205570,195680,199740,464844345643036902196839881689095,129182017039973621237720510337123394385502,115792089237316195423570985008687907853269984296046658488745326306439772950685,115792089237316195423570985008687907391388178581129085309872938055887855795675,2.4909862908440155e+44,14007
2026-01-01,24136053,196361,190760,205440,195680,199740,471961109625406228636822488445543,131581540146105877163532654819307731028444,115792089237316195423570985008687907853269984303163422471114652746422379707133,115792089237316195423570985008687907393787701687261341235685082538072192438617,2.4534243791659006e+44,14059
2026-01-08,24186242,195717,190190,204620,194260,198040,3477787662763934687542576751568893,1375624556901837987903921462075165161671915,1309125644484653839358040818946869,402690241858659775807389238281675303064515,0.37642483424196177,13460
2026-01-15,24236387,195134,189660,204620,194360,198060,100120084222732776414056561709566,115792089237316195423570985008687907705262248397728062837879170136225188759679,3755292152812951829771689065742871,1725413197409203435641184020579677613951843,37.507880481389904,12933
2026-01-22,24286608,196323,190760,205440,196260,200310,495427974091389991751093119711102,139023610274522231320320885099198525782144,1516594606444355018890234233185394,602790750008739494740255003007174656183274,3.061180808826499,14089
2026-01-29,24336786,196234,190470,205010,195300,199160,305883254035519441118053906450765,115792089237316195423570985008687907784697457379991208471753090925810454673110,2984103073553289898165553089637958,1423345344183608230933381941197450023238842,9.755692847463868,13845
2026-02-05,24386915,199617,191450,207240,197380,202170,593166935469037297387828566858984,159277540004363459969219459671343316580567,1900075691070583694504655505714002,1005496260159069958289604714057927359298516,3.203273104843798,13976
2026-02-12,24436972,200610,193130,207240,197340,201390,1766856067234045241203003075372425,622298244929465025188289973584027749719121,1118267500755193881989776821747936,498983003869549238785185738905566632803602,0.6329137508669875,15845
2026-02-19,24487168,200540,193110,207240,200530,204630,397983167473599213744878405121105,122346484493872825879636518047817875221070,292128774340579185120726613640804,144060381220032948266270937319883571841774,0.7340229391986985,15684
2026-02-26,24537366,200032,192020,207240,199360,203880,4630876698532293752947788519832037,1949009745870026572127507382200895979314998,1037685055414929705050638741782017,587962747246849368994790106629073721607392,0.22407961234290966,14625
